Workbook

Sheet Sites & Credentials
A1: Sites & Credentials – Fill your Username & Password for each site
A2: Site ID | B2: Site Name | C2: URL | D2: Post URL | E2: Tier | F2: Free Listing | G2: Username / Email | H2: Password | I2: Phone (if needed) | J2: API Key (if any) | K2: Account Status | L2: Notes
A3: magicbricks | B3: MagicBricks | C3: https://www.magicbricks.com | D3: https://www.magicbricks.com/sell/post-property.html | E3: Tier-1 | F3: Yes | K3: Not Set
A4: 99acres | B4: 99acres | C4: https://www.99acres.com | D4: https://www.99acres.com/seller/postProperty.php | E4: Tier-1 | F4: Yes | K4: Not Set
A5: housing | B5: Housing.com | C5: https://housing.com | D5: https://housing.com/post-property | E5: Tier-1 | F5: Yes | K5: Not Set
A6: nobroker | B6: NoBroker | C6: https://www.nobroker.in | D6: https://www.nobroker.in/post-your-property | E6: Tier-1 | F6: Yes | K6: Not Set
A7: olx | B7: OLX | C7: https://www.olx.in | D7: https://www.olx.in/post-ad | E7: Tier-1 | F7: Yes | K7: Not Set
A8: quikr | B8: Quikr | C8: https://www.quikr.com | D8: https://www.quikr.com/post-ads | E8: Tier-2 | F8: Yes | K8: Not Set
A9: commonfloor | B9: CommonFloor | C9: https://www.commonfloor.com | D9: https://www.commonfloor.com/post-property | E9: Tier-2 | F9: Yes | K9: Not Set
A10: sulekha | B10: Sulekha | C10: https://www.sulekha.com | D10: https://realestate.sulekha.com/sell-property | E10: Tier-2 | F10: Yes | K10: Not Set
A11: proptiger | B11: PropTiger | C11: https://www.proptiger.com | D11: https://www.proptiger.com/post-property | E11: Tier-2 | F11: Yes | K11: Not Set
A12: makaan | B12: Makaan.com | C12: https://www.makaan.com | D12: https://www.makaan.com/post-property | E12: Tier-2 | F12: Yes | K12: Not Set
A13: squareyards | B13: Square Yards | C13: https://www.squareyards.com | D13: https://www.squareyards.com/sell | E13: Tier-2 | F13: Yes | K13: Not Set
A14: indiaproperty | B14: India Property | C14: https://www.indiaproperty.com | D14: https://www.indiaproperty.com/property/post | E14: Tier-3 | F14: Yes | K14: Not Set
... A21: anarock | B21: Anarock | C21: https://www.anarock.com | D21: https://www.anarock.com/sell | E21: Premium | F21: No | K21: Not Set

Sheet Property 1 Status
A1: Ad Status Tracker – 3BHK Flat - Banjara Hills
A2: Site ID | B2: Site Name | C2: Ad Posted Date | D2: Ad URL | E2: Ad Title | F2: Status | G2: Views | H2: Clicks | I2: Inquiries | J2: Last Updated | K2: Ad Expiry Date | L2: Renewal Needed | M2: Notes
A3: magicbricks | B3: MagicBricks | F3: Pending | G3: 0 | H3: 0 | I3: 0
A4: 99acres | B4: 99acres | F4: Pending | G4: 0 | H4: 0 | I4: 0
A5: housing | B5: Housing.com | F5: Pending | G5: 0 | H5: 0 | I5: 0
A6: nobroker | B6: NoBroker | F6: Pending | G6: 0 | H6: 0 | I6: 0
A7: olx | B7: OLX | F7: Pending | G7: 0 | H7: 0 | I7: 0
A8: quikr | B8: Quikr | F8: Pending | G8: 0 | H8: 0 | I8: 0
A9: commonfloor | B9: CommonFloor | F9: Pending | G9: 0 | H9: 0 | I9: 0
A10: sulekha | B10: Sulekha | F10: Pending | G10: 0 | H10: 0 | I10: 0
A11: proptiger | B11: PropTiger | F11: Pending | G11: 0 | H11: 0 | I11: 0
A12: makaan | B12: Makaan.com | F12: Pending | G12: 0 | H12: 0 | I12: 0
A13: squareyards | B13: Square Yards | F13: Pending | G13: 0 | H13: 0 | I13: 0
A14: indiaproperty | B14: India Property | F14: Pending | G14: 0 | H14: 0 | I14: 0
... A21: anarock | B21: Anarock | F21: Pending | G21: 0 | H21: 0 | I21: 0

Sheet Property 2 Status
A1: Ad Status Tracker – 2BHK Flat - Madhapur
A2: Site ID | B2: Site Name | C2: Ad Posted Date | D2: Ad URL | E2: Ad Title | F2: Status | G2: Views | H2: Clicks | I2: Inquiries | J2: Last Updated | K2: Ad Expiry Date | L2: Renewal Needed | M2: Notes
A3: magicbricks | B3: MagicBricks | F3: Pending | G3: 0 | H3: 0 | I3: 0
A4: 99acres | B4: 99acres | F4: Pending | G4: 0 | H4: 0 | I4: 0
A5: housing | B5: Housing.com | F5: Pending | G5: 0 | H5: 0 | I5: 0
A6: nobroker | B6: NoBroker | F6: Pending | G6: 0 | H6: 0 | I6: 0
A7: olx | B7: OLX | F7: Pending | G7: 0 | H7: 0 | I7: 0
A8: quikr | B8: Quikr | F8: Pending | G8: 0 | H8: 0 | I8: 0
A9: commonfloor | B9: CommonFloor | F9: Pending | G9: 0 | H9: 0 | I9: 0
A10: sulekha | B10: Sulekha | F10: Pending | G10: 0 | H10: 0 | I10: 0
A11: proptiger | B11: PropTiger | F11: Pending | G11: 0 | H11: 0 | I11: 0
A12: makaan | B12: Makaan.com | F12: Pending | G12: 0 | H12: 0 | I12: 0
A13: squareyards | B13: Square Yards | F13: Pending | G13: 0 | H13: 0 | I13: 0
A14: indiaproperty | B14: India Property | F14: Pending | G14: 0 | H14: 0 | I14: 0
... A21: anarock | B21: Anarock | F21: Pending | G21: 0 | H21: 0 | I21: 0

Sheet Contacts
A1: Contact Tracker – Update Follow-up Status after every call/message
A2: Date | B2: Time | C2: Property | D2: Site | E2: Contact Name | F2: Phone | G2: Email | H2: Message / Query | I2: Follow-up Status | J2: Last Follow-up Date | K2: Next Follow-up Date | L2: Asking Price | M2: Offered Price | N2: Notes

Sheet Dashboard
A1: HOUSING ADS DASHBOARD – Hyderabad
A2: Last Refreshed: | B2: =TEXT(NOW(),"DD-MM-YYYY HH:MM")
A4: AD STATUS OVERVIEW
A5: Metric | B5: 3BHK Flat - Banjara Hills | C5: 2BHK Flat - Madhapur | D5: TOTAL
A6: Ads – Active | B6: =COUNTIF('Property 1 Status'!F3:F100,"Active") | C6: =COUNTIF('Property 2 Status'!F3:F100,"Active") | D6: =B6+C6
A7: Ads – Pending | B7: =COUNTIF('Property 1 Status'!F3:F100,"Pending") | C7: =COUNTIF('Property 2 Status'!F3:F100,"Pending") | D7: =B7+C7
A8: Ads – Failed | B8: =COUNTIF('Property 1 Status'!F3:F100,"Failed") | C8: =COUNTIF('Property 2 Status'!F3:F100,"Failed") | D8: =B8+C8
A9: Total Views | B9: =SUM('Property 1 Status'!G3:G100) | C9: =SUM('Property 2 Status'!G3:G100) | D9: =B9+C9
A10: Total Clicks | B10: =SUM('Property 1 Status'!H3:H100) | C10: =SUM('Property 2 Status'!H3:H100) | D10: =B10+C10
A11: Total Inquiries | B11: =SUM('Property 1 Status'!I3:I100) | C11: =SUM('Property 2 Status'!I3:I100) | D11: =B11+C11
A13: BUYER CONTACT PIPELINE
A14: New | B14: =COUNTIF('Contacts'!I3:I200,"New")
A15: Interested | B15: =COUNTIF('Contacts'!I3:I200,"Interested")
A16: Very Interested | B16: =COUNTIF('Contacts'!I3:I200,"Very Interested")
A17: Negotiating | B17: =COUNTIF('Contacts'!I3:I200,"Negotiating")
A18: Closed / Sold | B18: =COUNTIF('Contacts'!I3:I200,"Closed / Sold")
A19: Not Interested | B19: =COUNTIF('Contacts'!I3:I200,"Not Interested")
A20: No Response | B20: =COUNTIF('Contacts'!I3:I200,"No Response")
A22: TOP SITES BY PERFORMANCE (refresh via: python analytics.py)
